{
"meta":{"test_sets":[],"test_metrics":[],"learn_metrics":[{"best_value":"Min","name":"Logloss"}],"launch_mode":"Train","parameters":"","iteration_count":400,"learn_sets":["learn"],"name":"experiment"},
"iterations":[
{"learn":[0.6642320843],"iteration":0,"passed_time":0.160286744,"remaining_time":63.95441084},
{"learn":[0.6233416828],"iteration":1,"passed_time":0.1711701575,"remaining_time":34.06286135},
{"learn":[0.6050846521],"iteration":2,"passed_time":0.1850323714,"remaining_time":24.48595049},
{"learn":[0.575655705],"iteration":3,"passed_time":0.2117006881,"remaining_time":20.95836813},
{"learn":[0.5346829591],"iteration":4,"passed_time":0.2209101013,"remaining_time":17.45189801},
{"learn":[0.5143548933],"iteration":5,"passed_time":0.2393284402,"remaining_time":15.71590091},
{"learn":[0.5049654034],"iteration":6,"passed_time":0.2570632657,"remaining_time":14.4322662},
{"learn":[0.4885529767],"iteration":7,"passed_time":0.2829783012,"remaining_time":13.86593676},
{"learn":[0.4620658881],"iteration":8,"passed_time":0.299640624,"remaining_time":13.01772044},
{"learn":[0.4451890055],"iteration":9,"passed_time":0.3185284097,"remaining_time":12.42260798},
{"learn":[0.4274962993],"iteration":10,"passed_time":0.3365098327,"remaining_time":11.90021135},
{"learn":[0.414934297],"iteration":11,"passed_time":0.3381222989,"remaining_time":10.932621},
{"learn":[0.404195797],"iteration":12,"passed_time":0.3565720091,"remaining_time":10.61487442},
{"learn":[0.3951407884],"iteration":13,"passed_time":0.3768532625,"remaining_time":10.39038281},
{"learn":[0.3662415086],"iteration":14,"passed_time":0.395449301,"remaining_time":10.14986539},
{"learn":[0.3562017013],"iteration":15,"passed_time":0.4128308758,"remaining_time":9.907941018},
{"learn":[0.3358607184],"iteration":16,"passed_time":0.4222179931,"remaining_time":9.512323021},
{"learn":[0.3221487012],"iteration":17,"passed_time":0.4404553418,"remaining_time":9.347441143},
{"learn":[0.3120880412],"iteration":18,"passed_time":0.4421213237,"remaining_time":8.865696017},
{"learn":[0.3111377181],"iteration":19,"passed_time":0.4602938355,"remaining_time":8.745582875},
{"learn":[0.3092325527],"iteration":20,"passed_time":0.4702187533,"remaining_time":8.486328929},
{"learn":[0.3088342471],"iteration":21,"passed_time":0.4830471166,"remaining_time":8.299627731},
{"learn":[0.3059123739],"iteration":22,"passed_time":0.4957140846,"remaining_time":8.125400431},
{"learn":[0.2995572239],"iteration":23,"passed_time":0.5160341436,"remaining_time":8.084534917},
{"learn":[0.298548815],"iteration":24,"passed_time":0.5391503667,"remaining_time":8.087255501},
{"learn":[0.2963906807],"iteration":25,"passed_time":0.5645536092,"remaining_time":8.120886532},
{"learn":[0.2918241068],"iteration":26,"passed_time":0.5843567896,"remaining_time":8.072780834},
{"learn":[0.2900871807],"iteration":27,"passed_time":0.6027489977,"remaining_time":8.007950969},
{"learn":[0.2880374986],"iteration":28,"passed_time":0.625198312,"remaining_time":7.998226681},
{"learn":[0.2876985299],"iteration":29,"passed_time":0.6382339658,"remaining_time":7.871552244},
{"learn":[0.287263079],"iteration":30,"passed_time":0.6606136624,"remaining_time":7.863433594},
{"learn":[0.2854559025],"iteration":31,"passed_time":0.6833382188,"remaining_time":7.858389516},
{"learn":[0.2818271379],"iteration":32,"passed_time":0.6848741823,"remaining_time":7.616631058},
{"learn":[0.2786468987],"iteration":33,"passed_time":0.6979382305,"remaining_time":7.513099776},
{"learn":[0.2778282253],"iteration":34,"passed_time":0.7090533431,"remaining_time":7.394413435},
{"learn":[0.2758227471],"iteration":35,"passed_time":0.7292587492,"remaining_time":7.373616242},
{"learn":[0.2739330092],"iteration":36,"passed_time":0.7519475092,"remaining_time":7.377214752},
{"learn":[0.2727730229],"iteration":37,"passed_time":0.7743583348,"remaining_time":7.376782031},
{"learn":[0.2723770112],"iteration":38,"passed_time":0.783570403,"remaining_time":7.253049115},
{"learn":[0.2715878132],"iteration":39,"passed_time":0.8025446834,"remaining_time":7.222902151},
{"learn":[0.2715813478],"iteration":40,"passed_time":0.812739556,"remaining_time":7.116426844},
{"learn":[0.271505087],"iteration":41,"passed_time":0.8348147011,"remaining_time":7.115801499},
{"learn":[0.2700641237],"iteration":42,"passed_time":0.8545255574,"remaining_time":7.094549395},
{"learn":[0.2694469124],"iteration":43,"passed_time":0.8654386602,"remaining_time":7.002185523},
{"learn":[0.2682414649],"iteration":44,"passed_time":0.8823371203,"remaining_time":6.960659505},
{"learn":[0.2668026312],"iteration":45,"passed_time":0.9012320823,"remaining_time":6.935568634},
{"learn":[0.2654141421],"iteration":46,"passed_time":0.9181298081,"remaining_time":6.895740899},
{"learn":[0.2640494263],"iteration":47,"passed_time":0.9347664093,"remaining_time":6.854953668},
{"learn":[0.2637600456],"iteration":48,"passed_time":0.9527758509,"remaining_time":6.824986197},
{"learn":[0.2630320117],"iteration":49,"passed_time":0.9735957269,"remaining_time":6.815170088},
{"learn":[0.2613763443],"iteration":50,"passed_time":0.9914854835,"remaining_time":6.78487125},
{"learn":[0.2604162702],"iteration":51,"passed_time":1.009461178,"remaining_time":6.755624809},
{"learn":[0.2597642452],"iteration":52,"passed_time":1.011102917,"remaining_time":6.619862493},
{"learn":[0.2544866966],"iteration":53,"passed_time":1.028984491,"remaining_time":6.593122853},
{"learn":[0.2541698297],"iteration":54,"passed_time":1.051734839,"remaining_time":6.597245811},
{"learn":[0.2522062617],"iteration":55,"passed_time":1.073734619,"remaining_time":6.595798372},
{"learn":[0.2488307668],"iteration":56,"passed_time":1.092572288,"remaining_time":6.574601664},
{"learn":[0.2453970982],"iteration":57,"passed_time":1.110612437,"remaining_time":6.548783683},
{"learn":[0.2444548056],"iteration":58,"passed_time":1.127195426,"remaining_time":6.514807463},
{"learn":[0.2436728132],"iteration":59,"passed_time":1.145124886,"remaining_time":6.489041021},
{"learn":[0.2436468796],"iteration":60,"passed_time":1.162869361,"remaining_time":6.462503496},
{"learn":[0.2427314462],"iteration":61,"passed_time":1.181098175,"remaining_time":6.438890054},
{"learn":[0.2416907067],"iteration":62,"passed_time":1.191605382,"remaining_time":6.374143074},
{"learn":[0.2412901141],"iteration":63,"passed_time":1.193189679,"remaining_time":6.264245817},
{"learn":[0.2392408489],"iteration":64,"passed_time":1.209666125,"remaining_time":6.234433108},
{"learn":[0.2389130075],"iteration":65,"passed_time":1.221626679,"remaining_time":6.182171374},
{"learn":[0.2379712479],"iteration":66,"passed_time":1.243778848,"remaining_time":6.181766513},
{"learn":[0.2379266553],"iteration":67,"passed_time":1.266504164,"remaining_time":6.183520329},
{"learn":[0.2367196897],"iteration":68,"passed_time":1.289455296,"remaining_time":6.185647868},
{"learn":[0.2365195477],"iteration":69,"passed_time":1.312790597,"remaining_time":6.188869957},
{"learn":[0.2360738355],"iteration":70,"passed_time":1.335752737,"remaining_time":6.189614796},
{"learn":[0.2283001511],"iteration":71,"passed_time":1.347379451,"remaining_time":6.138061941},
{"learn":[0.2281827437],"iteration":72,"passed_time":1.360856335,"remaining_time":6.095890704},
{"learn":[0.2255666233],"iteration":73,"passed_time":1.381816459,"remaining_time":6.087461697},
{"learn":[0.2200094688],"iteration":74,"passed_time":1.407787387,"remaining_time":6.100412011},
{"learn":[0.2196331193],"iteration":75,"passed_time":1.429287678,"remaining_time":6.093279048},
{"learn":[0.2190098444],"iteration":76,"passed_time":1.44951651,"remaining_time":6.080439385},
{"learn":[0.2181787929],"iteration":77,"passed_time":1.460309733,"remaining_time":6.028458128},
{"learn":[0.2177220578],"iteration":78,"passed_time":1.482217079,"remaining_time":6.022679524},
{"learn":[0.2171330443],"iteration":79,"passed_time":1.49415314,"remaining_time":5.976612562},
{"learn":[0.2144595725],"iteration":80,"passed_time":1.517293217,"remaining_time":5.975512794},
{"learn":[0.2143273461],"iteration":81,"passed_time":1.539035311,"remaining_time":5.96845401},
{"learn":[0.2142151425],"iteration":82,"passed_time":1.548377027,"remaining_time":5.913680934},
{"learn":[0.2135728413],"iteration":83,"passed_time":1.557629551,"remaining_time":5.859654027},
{"learn":[0.2133811886],"iteration":84,"passed_time":1.566721774,"remaining_time":5.806086576},
{"learn":[0.2121485351],"iteration":85,"passed_time":1.587173364,"remaining_time":5.795028329},
{"learn":[0.2102542985],"iteration":86,"passed_time":1.605104897,"remaining_time":5.774687735},
{"learn":[0.2101247888],"iteration":87,"passed_time":1.622941316,"remaining_time":5.754064667},
{"learn":[0.2095959219],"iteration":88,"passed_time":1.640832036,"remaining_time":5.733693968},
{"learn":[0.2090921669],"iteration":89,"passed_time":1.649953657,"remaining_time":5.683173708},
{"learn":[0.2078572273],"iteration":90,"passed_time":1.652205222,"remaining_time":5.610235313},
{"learn":[0.2076933863],"iteration":91,"passed_time":1.661656136,"remaining_time":5.56293576},
{"learn":[0.2061953827],"iteration":92,"passed_time":1.663425903,"remaining_time":5.491094111},
{"learn":[0.2058397703],"iteration":93,"passed_time":1.684528596,"remaining_time":5.483678195},
{"learn":[0.2058241405],"iteration":94,"passed_time":1.701344756,"remaining_time":5.462212112},
{"learn":[0.2056407038],"iteration":95,"passed_time":1.718594796,"remaining_time":5.442216854},
{"learn":[0.2052400766],"iteration":96,"passed_time":1.735187747,"remaining_time":5.420225644},
{"learn":[0.1990384418],"iteration":97,"passed_time":1.753441258,"remaining_time":5.403461834},
{"learn":[0.1915462509],"iteration":98,"passed_time":1.771426307,"remaining_time":5.3858517},
{"learn":[0.1914553013],"iteration":99,"passed_time":1.788047513,"remaining_time":5.364142539},
{"learn":[0.1913515609],"iteration":100,"passed_time":1.796852414,"remaining_time":5.31939477},
{"learn":[0.1907056677],"iteration":101,"passed_time":1.813436869,"remaining_time":5.298080263},
{"learn":[0.1859478361],"iteration":102,"passed_time":1.823851519,"remaining_time":5.259067002},
{"learn":[0.1859335979],"iteration":103,"passed_time":1.841884413,"remaining_time":5.242286407},
{"learn":[0.1855858287],"iteration":104,"passed_time":1.866732462,"remaining_time":5.244629299},
{"learn":[0.1821828809],"iteration":105,"passed_time":1.887221433,"remaining_time":5.23436888},
{"learn":[0.1819795003],"iteration":106,"passed_time":1.90035626,"remaining_time":5.203779292},
{"learn":[0.1819688751],"iteration":107,"passed_time":1.903012264,"remaining_time":5.145181306},
{"learn":[0.1817387072],"iteration":108,"passed_time":1.923931281,"remaining_time":5.136366998},
{"learn":[0.1812786503],"iteration":109,"passed_time":1.943821238,"remaining_time":5.124619628},
{"learn":[0.1802731159],"iteration":110,"passed_time":1.964137513,"remaining_time":5.113835507},
{"learn":[0.1802094024],"iteration":111,"passed_time":1.984112327,"remaining_time":5.102003126},
{"learn":[0.1800658048],"iteration":112,"passed_time":1.997408475,"remaining_time":5.073064004},
{"learn":[0.1752743427],"iteration":113,"passed_time":2.00093137,"remaining_time":5.019880454},
{"learn":[0.1751450951],"iteration":114,"passed_time":2.003184283,"remaining_time":4.964413222},
{"learn":[0.1747225328],"iteration":115,"passed_time":2.021144248,"remaining_time":4.948318676},
{"learn":[0.1746104749],"iteration":116,"passed_time":2.038893077,"remaining_time":4.931681546},
{"learn":[0.1716536977],"iteration":117,"passed_time":2.057915128,"remaining_time":4.918068357},
{"learn":[0.171201447],"iteration":118,"passed_time":2.072445717,"remaining_time":4.893758374},
{"learn":[0.1700600714],"iteration":119,"passed_time":2.091245526,"remaining_time":4.879572894},
{"learn":[0.1693521994],"iteration":120,"passed_time":2.110172328,"remaining_time":4.865603962},
{"learn":[0.1690436362],"iteration":121,"passed_time":2.128828206,"remaining_time":4.850936404},
{"learn":[0.168500846],"iteration":122,"passed_time":2.147686792,"remaining_time":4.8366605},
{"learn":[0.1679470301],"iteration":123,"passed_time":2.158371213,"remaining_time":4.804116571},
{"learn":[0.1677311114],"iteration":124,"passed_time":2.174628887,"remaining_time":4.784183551},
{"learn":[0.1668834528],"iteration":125,"passed_time":2.193212532,"remaining_time":4.769366934},
{"learn":[0.1667488237],"iteration":126,"passed_time":2.213147069,"remaining_time":4.75739488},
{"learn":[0.1659399054],"iteration":127,"passed_time":2.224789824,"remaining_time":4.727678376},
{"learn":[0.1653984641],"iteration":128,"passed_time":2.242329401,"remaining_time":4.710629982},
{"learn":[0.1653975006],"iteration":129,"passed_time":2.260765286,"remaining_time":4.695435594},
{"learn":[0.1609618035],"iteration":130,"passed_time":2.278690651,"remaining_time":4.679143398},
{"learn":[0.1597921426],"iteration":131,"passed_time":2.297649268,"remaining_time":4.664924271},
{"learn":[0.1596670841],"iteration":132,"passed_time":2.316237135,"remaining_time":4.649889586},
{"learn":[0.1590040673],"iteration":133,"passed_time":2.334010278,"remaining_time":4.633184581},
{"learn":[0.158755384],"iteration":134,"passed_time":2.350869974,"remaining_time":4.61467069},
{"learn":[0.1587107035],"iteration":135,"passed_time":2.367355861,"remaining_time":4.595455495},
{"learn":[0.158443293],"iteration":136,"passed_time":2.385545996,"remaining_time":4.579551803},
{"learn":[0.1583394776],"iteration":137,"passed_time":2.394402591,"remaining_time":4.545894774},
{"learn":[0.1582231707],"iteration":138,"passed_time":2.403810161,"remaining_time":4.513629152},
{"learn":[0.1580699163],"iteration":139,"passed_time":2.413531548,"remaining_time":4.482272874},
{"learn":[0.1579798939],"iteration":140,"passed_time":2.431020535,"remaining_time":4.46549162},
{"learn":[0.1575979457],"iteration":141,"passed_time":2.440234281,"remaining_time":4.433665102},
{"learn":[0.1575592258],"iteration":142,"passed_time":2.441937037,"remaining_time":4.388656074},
{"learn":[0.1572611253],"iteration":143,"passed_time":2.459657472,"remaining_time":4.372724394},
{"learn":[0.1568799095],"iteration":144,"passed_time":2.483577138,"remaining_time":4.36767014},
{"learn":[0.1567990387],"iteration":145,"passed_time":2.50462942,"remaining_time":4.357368991},
{"learn":[0.1567620308],"iteration":146,"passed_time":2.507528693,"remaining_time":4.315678636},
{"learn":[0.1566718117],"iteration":147,"passed_time":2.53240397,"remaining_time":4.311931084},
{"learn":[0.1566041395],"iteration":148,"passed_time":2.552885538,"remaining_time":4.300498457},
{"learn":[0.1564491314],"iteration":149,"passed_time":2.570746623,"remaining_time":4.284577705},
{"learn":[0.1562780676],"iteration":150,"passed_time":2.582878055,"remaining_time":4.259183019},
{"learn":[0.1562650263],"iteration":151,"passed_time":2.59571196,"remaining_time":4.235108988},
{"learn":[0.1561322044],"iteration":152,"passed_time":2.620319448,"remaining_time":4.230188913},
{"learn":[0.1559149944],"iteration":153,"passed_time":2.629941321,"remaining_time":4.201075097},
{"learn":[0.1553545975],"iteration":154,"passed_time":2.64630887,"remaining_time":4.18287531},
{"learn":[0.1552157128],"iteration":155,"passed_time":2.663724276,"remaining_time":4.166337971},
{"learn":[0.1548401702],"iteration":156,"passed_time":2.681705433,"remaining_time":4.150665097},
{"learn":[0.15332762],"iteration":157,"passed_time":2.701498775,"remaining_time":4.137738631},
{"learn":[0.1532631593],"iteration":158,"passed_time":2.720441897,"remaining_time":4.123437089},
{"learn":[0.1511416278],"iteration":159,"passed_time":2.737395119,"remaining_time":4.106092679},
{"learn":[0.1507968377],"iteration":160,"passed_time":2.758510512,"remaining_time":4.094931754},
{"learn":[0.1497038746],"iteration":161,"passed_time":2.778712706,"remaining_time":4.082306321},
{"learn":[0.1495160366],"iteration":162,"passed_time":2.802770269,"remaining_time":4.075193581},
{"learn":[0.149225706],"iteration":163,"passed_time":2.826287531,"remaining_time":4.067096691},
{"learn":[0.1490346468],"iteration":164,"passed_time":2.848311236,"remaining_time":4.0566857},
{"learn":[0.1489884563],"iteration":165,"passed_time":2.872298827,"remaining_time":4.048903166},
{"learn":[0.148656677],"iteration":166,"passed_time":2.894404092,"remaining_time":4.03830032},
{"learn":[0.1486539293],"iteration":167,"passed_time":2.915938107,"remaining_time":4.026771672},
{"learn":[0.1479022543],"iteration":168,"passed_time":2.934747336,"remaining_time":4.011400204},
{"learn":[0.1475800562],"iteration":169,"passed_time":2.952626579,"remaining_time":3.994730077},
{"learn":[0.1454032194],"iteration":170,"passed_time":2.970505135,"remaining_time":3.978044889},
{"learn":[0.1451481833],"iteration":171,"passed_time":2.990376759,"remaining_time":3.963987796},
{"learn":[0.145072473],"iteration":172,"passed_time":3.00959025,"remaining_time":3.948999924},
{"learn":[0.1449421293],"iteration":173,"passed_time":3.032007054,"remaining_time":3.938124104},
{"learn":[0.1448422926],"iteration":174,"passed_time":3.049688198,"remaining_time":3.921027683},
{"learn":[0.143480391],"iteration":175,"passed_time":3.058758763,"remaining_time":3.892965698},
{"learn":[0.1419283148],"iteration":176,"passed_time":3.080846454,"remaining_time":3.881518414},
{"learn":[0.1419194775],"iteration":177,"passed_time":3.090987144,"remaining_time":3.855051382},
{"learn":[0.1417856852],"iteration":178,"passed_time":3.113840961,"remaining_time":3.844462863},
{"learn":[0.1417269192],"iteration":179,"passed_time":3.134286748,"remaining_time":3.830794914},
{"learn":[0.1414331755],"iteration":180,"passed_time":3.154153562,"remaining_time":3.816351548},
{"learn":[0.1410588157],"iteration":181,"passed_time":3.175976608,"remaining_time":3.804191761},
{"learn":[0.1405911767],"iteration":182,"passed_time":3.199115358,"remaining_time":3.793486518},
{"learn":[0.1400711347],"iteration":183,"passed_time":3.220662125,"remaining_time":3.780777278},
{"learn":[0.139822488],"iteration":184,"passed_time":3.241531483,"remaining_time":3.767185237},
{"learn":[0.1396028749],"iteration":185,"passed_time":3.259934552,"remaining_time":3.750677388},
{"learn":[0.139510205],"iteration":186,"passed_time":3.280830149,"remaining_time":3.736988351},
{"learn":[0.1389072476],"iteration":187,"passed_time":3.299829158,"remaining_time":3.721083944},
{"learn":[0.1374091395],"iteration":188,"passed_time":3.309496902,"remaining_time":3.694729346},
{"learn":[0.1372000884],"iteration":189,"passed_time":3.327511557,"remaining_time":3.677775931},
{"learn":[0.1369376917],"iteration":190,"passed_time":3.336763212,"remaining_time":3.651222572},
{"learn":[0.1368713093],"iteration":191,"passed_time":3.354687848,"remaining_time":3.634245168},
{"learn":[0.136698741],"iteration":192,"passed_time":3.356468377,"remaining_time":3.599942767},
{"learn":[0.1363719356],"iteration":193,"passed_time":3.358700372,"remaining_time":3.566455034},
{"learn":[0.136358361],"iteration":194,"passed_time":3.376925659,"remaining_time":3.550101334},
{"learn":[0.136235977],"iteration":195,"passed_time":3.394372212,"remaining_time":3.532918016},
{"learn":[0.1360913844],"iteration":196,"passed_time":3.412286314,"remaining_time":3.516213816},
{"learn":[0.1359225141],"iteration":197,"passed_time":3.421315705,"remaining_time":3.490433194},
{"learn":[0.1358435224],"iteration":198,"passed_time":3.432153813,"remaining_time":3.466647821},
{"learn":[0.1357209458],"iteration":199,"passed_time":3.450404515,"remaining_time":3.450404515},
{"learn":[0.1355204039],"iteration":200,"passed_time":3.47420985,"remaining_time":3.439640598},
{"learn":[0.1340479958],"iteration":201,"passed_time":3.497656959,"remaining_time":3.428396425},
{"learn":[0.13248365],"iteration":202,"passed_time":3.507379621,"remaining_time":3.403713229},
{"learn":[0.1324009942],"iteration":203,"passed_time":3.527212071,"remaining_time":3.388890029},
{"learn":[0.1320969093],"iteration":204,"passed_time":3.529329696,"remaining_time":3.357167272},
{"learn":[0.1316853538],"iteration":205,"passed_time":3.547318169,"remaining_time":3.340678276},
{"learn":[0.1315727156],"iteration":206,"passed_time":3.56610048,"remaining_time":3.32491494},
{"learn":[0.1314803666],"iteration":207,"passed_time":3.585806715,"remaining_time":3.30997543},
{"learn":[0.1312634366],"iteration":208,"passed_time":3.603654927,"remaining_time":3.293292302},
{"learn":[0.1308355771],"iteration":209,"passed_time":3.621915109,"remaining_time":3.276970813},
{"learn":[0.1303411644],"iteration":210,"passed_time":3.638258151,"remaining_time":3.258913699},
{"learn":[0.1295725127],"iteration":211,"passed_time":3.655238558,"remaining_time":3.241437967},
{"learn":[0.129489079],"iteration":212,"passed_time":3.672150549,"remaining_time":3.22390682},
{"learn":[0.1292115818],"iteration":213,"passed_time":3.687937641,"remaining_time":3.205403744},
{"learn":[0.1278358353],"iteration":214,"passed_time":3.704796071,"remaining_time":3.187847782},
{"learn":[0.1262378102],"iteration":215,"passed_time":3.7218676,"remaining_time":3.170479807},
{"learn":[0.1238868275],"iteration":216,"passed_time":3.738740541,"remaining_time":3.152947092},
{"learn":[0.1234912059],"iteration":217,"passed_time":3.755048284,"remaining_time":3.134948567},
{"learn":[0.1231335945],"iteration":218,"passed_time":3.773314617,"remaining_time":3.118584227},
{"learn":[0.1230267316],"iteration":219,"passed_time":3.79325658,"remaining_time":3.103573566},
{"learn":[0.1228187532],"iteration":220,"passed_time":3.811204801,"remaining_time":3.086903436},
{"learn":[0.122391894],"iteration":221,"passed_time":3.827398477,"remaining_time":3.068814995},
{"learn":[0.1222848366],"iteration":222,"passed_time":3.843085599,"remaining_time":3.050341485},
{"learn":[0.1222648811],"iteration":223,"passed_time":3.859703024,"remaining_time":3.032623805},
{"learn":[0.1221867005],"iteration":224,"passed_time":3.875544531,"remaining_time":3.014312413},
{"learn":[0.1202023896],"iteration":225,"passed_time":3.891253918,"remaining_time":2.995921158},
{"learn":[0.1197197645],"iteration":226,"passed_time":3.907162698,"remaining_time":2.977705493},
{"learn":[0.1192002176],"iteration":227,"passed_time":3.923021921,"remaining_time":2.959472677},
{"learn":[0.1189528165],"iteration":228,"passed_time":3.93319369,"remaining_time":2.937013629},
{"learn":[0.1181159373],"iteration":229,"passed_time":3.953456327,"remaining_time":2.922119894},
{"learn":[0.1166174499],"iteration":230,"passed_time":3.970371631,"remaining_time":2.90473076},
{"learn":[0.1164256029],"iteration":231,"passed_time":3.987151559,"remaining_time":2.887247681},
{"learn":[0.115979033],"iteration":232,"passed_time":3.998728147,"remaining_time":2.866041204},
{"learn":[0.1158787517],"iteration":233,"passed_time":4.016348915,"remaining_time":2.849204786},
{"learn":[0.1157405944],"iteration":234,"passed_time":4.034408626,"remaining_time":2.832669886},
{"learn":[0.1156818109],"iteration":235,"passed_time":4.043674418,"remaining_time":2.810011036},
{"learn":[0.1155833834],"iteration":236,"passed_time":4.053438036,"remaining_time":2.787807594},
{"learn":[0.1153875425],"iteration":237,"passed_time":4.070468455,"remaining_time":2.770654999},
{"learn":[0.1149312127],"iteration":238,"passed_time":4.088857506,"remaining_time":2.754418655},
{"learn":[0.1145906306],"iteration":239,"passed_time":4.106542279,"remaining_time":2.737694853},
{"learn":[0.1145160116],"iteration":240,"passed_time":4.12954105,"remaining_time":2.724468992},
{"learn":[0.114507294],"iteration":241,"passed_time":4.14732907,"remaining_time":2.707760302},
{"learn":[0.1144307915],"iteration":242,"passed_time":4.165141805,"remaining_time":2.691058697},
{"learn":[0.1143295962],"iteration":243,"passed_time":4.182918226,"remaining_time":2.674324767},
{"learn":[0.1140420989],"iteration":244,"passed_time":4.20209867,"remaining_time":2.658470587},
{"learn":[0.1136963965],"iteration":245,"passed_time":4.219320187,"remaining_time":2.641363044},
{"learn":[0.1131981088],"iteration":246,"passed_time":4.228511834,"remaining_time":2.61928061},
{"learn":[0.1131591573],"iteration":247,"passed_time":4.247430444,"remaining_time":2.603263821},
{"learn":[0.1130690132],"iteration":248,"passed_time":4.267478222,"remaining_time":2.58790848},
{"learn":[0.1130258501],"iteration":249,"passed_time":4.28874098,"remaining_time":2.573244588},
{"learn":[0.1127119705],"iteration":250,"passed_time":4.307895511,"remaining_time":2.557276618},
{"learn":[0.1126881676],"iteration":251,"passed_time":4.310131783,"remaining_time":2.531347238},
{"learn":[0.1126609517],"iteration":252,"passed_time":4.329292336,"remaining_time":2.51543863},
{"learn":[0.1123855608],"iteration":253,"passed_time":4.349856232,"remaining_time":2.500311062},
{"learn":[0.1122739298],"iteration":254,"passed_time":4.36256019,"remaining_time":2.480671481},
{"learn":[0.112186937],"iteration":255,"passed_time":4.375191801,"remaining_time":2.461045388},
{"learn":[0.1119388825],"iteration":256,"passed_time":4.386406667,"remaining_time":2.440685422},
{"learn":[0.111683469],"iteration":257,"passed_time":4.410055438,"remaining_time":2.427239815},
{"learn":[0.1116612265],"iteration":258,"passed_time":4.431503938,"remaining_time":2.412517588},
{"learn":[0.1115421723],"iteration":259,"passed_time":4.44192509,"remaining_time":2.391805818},
{"learn":[0.1112909708],"iteration":260,"passed_time":4.463280634,"remaining_time":2.3769962},
{"learn":[0.1110094247],"iteration":261,"passed_time":4.481335088,"remaining_time":2.360397871},
{"learn":[0.1109252303],"iteration":262,"passed_time":4.500717301,"remaining_time":2.344480115},
{"learn":[0.1106523962],"iteration":263,"passed_time":4.521620016,"remaining_time":2.329319402},
{"learn":[0.1106238818],"iteration":264,"passed_time":4.539558755,"remaining_time":2.312605403},
{"learn":[0.1105437802],"iteration":265,"passed_time":4.557475793,"remaining_time":2.295871264},
{"learn":[0.1104714214],"iteration":266,"passed_time":4.580076515,"remaining_time":2.281461335},
{"learn":[0.1100214956],"iteration":267,"passed_time":4.601321318,"remaining_time":2.26632244},
{"learn":[0.1098005023],"iteration":268,"passed_time":4.620039253,"remaining_time":2.249907592},
{"learn":[0.1097825741],"iteration":269,"passed_time":4.638908956,"remaining_time":2.233548757},
{"learn":[0.1097352597],"iteration":270,"passed_time":4.657624099,"remaining_time":2.217097818},
{"learn":[0.1093984032],"iteration":271,"passed_time":4.674386285,"remaining_time":2.199711193},
{"learn":[0.1086794501],"iteration":272,"passed_time":4.690881642,"remaining_time":2.182205013},
{"learn":[0.1086372727],"iteration":273,"passed_time":4.708287508,"remaining_time":2.165124912},
{"learn":[0.108350111],"iteration":274,"passed_time":4.726055886,"remaining_time":2.148207221},
{"learn":[0.1082866269],"iteration":275,"passed_time":4.744213793,"remaining_time":2.131458371},
{"learn":[0.1082040619],"iteration":276,"passed_time":4.761037012,"remaining_time":2.114106687},
{"learn":[0.1078773536],"iteration":277,"passed_time":4.777719215,"remaining_time":2.096696922},
{"learn":[0.1078750913],"iteration":278,"passed_time":4.795572951,"remaining_time":2.079800456},
{"learn":[0.1078280171],"iteration":279,"passed_time":4.813213454,"remaining_time":2.062805766},
{"learn":[0.1077550518],"iteration":280,"passed_time":4.831507591,"remaining_time":2.046083286},
{"learn":[0.1075078276],"iteration":281,"passed_time":4.848740283,"remaining_time":2.028905508},
{"learn":[0.1071772076],"iteration":282,"passed_time":4.865994845,"remaining_time":2.011736385},
{"learn":[0.1068958819],"iteration":283,"passed_time":4.883911448,"remaining_time":1.99483707},
{"learn":[0.1066246801],"iteration":284,"passed_time":4.900306,"remaining_time":1.977316456},
{"learn":[0.1065972781],"iteration":285,"passed_time":4.916774912,"remaining_time":1.959833357},
{"learn":[0.1060226368],"iteration":286,"passed_time":4.926005643,"remaining_time":1.939507448},
{"learn":[0.1055351904],"iteration":287,"passed_time":4.947648033,"remaining_time":1.924085346},
{"learn":[0.1052599623],"iteration":288,"passed_time":4.966309707,"remaining_time":1.907475354},
{"learn":[0.1049569789],"iteration":289,"passed_time":4.98295333,"remaining_time":1.890085746},
{"learn":[0.10493569],"iteration":290,"passed_time":5.001881552,"remaining_time":1.873557007},
{"learn":[0.1047808935],"iteration":291,"passed_time":5.018535618,"remaining_time":1.856170708},
{"learn":[0.1045996573],"iteration":292,"passed_time":5.037564702,"remaining_time":1.839656734},
{"learn":[0.104205334],"iteration":293,"passed_time":5.055443285,"remaining_time":1.822710844},
{"learn":[0.1041451363],"iteration":294,"passed_time":5.073301728,"remaining_time":1.805751463},
{"learn":[0.1040378466],"iteration":295,"passed_time":5.090193049,"remaining_time":1.788446206},
{"learn":[0.1038416322],"iteration":296,"passed_time":5.101132262,"remaining_time":1.769079539},
{"learn":[0.1036927134],"iteration":297,"passed_time":5.11805974,"remaining_time":1.751819106},
{"learn":[0.1031591648],"iteration":298,"passed_time":5.134594196,"remaining_time":1.73442814},
{"learn":[0.1030519883],"iteration":299,"passed_time":5.151115691,"remaining_time":1.717038564},
{"learn":[0.1029393076],"iteration":300,"passed_time":5.152887866,"remaining_time":1.69480365},
{"learn":[0.1028886873],"iteration":301,"passed_time":5.171346609,"remaining_time":1.678119098},
{"learn":[0.1028477161],"iteration":302,"passed_time":5.187686247,"remaining_time":1.660744442},
{"learn":[0.1028358199],"iteration":303,"passed_time":5.20435037,"remaining_time":1.643479064},
{"learn":[0.1028314367],"iteration":304,"passed_time":5.206028722,"remaining_time":1.62154993},
{"learn":[0.1023654226],"iteration":305,"passed_time":5.222598841,"remaining_time":1.604327748},
{"learn":[0.102321469],"iteration":306,"passed_time":5.240457737,"remaining_time":1.587500227},
{"learn":[0.1020727532],"iteration":307,"passed_time":5.257121479,"remaining_time":1.570309013},
{"learn":[0.102047269],"iteration":308,"passed_time":5.275307447,"remaining_time":1.553569507},
{"learn":[0.101972211],"iteration":309,"passed_time":5.291830149,"remaining_time":1.536337785},
{"learn":[0.1017783226],"iteration":310,"passed_time":5.310168393,"remaining_time":1.519630183},
{"learn":[0.1016205854],"iteration":311,"passed_time":5.326697704,"remaining_time":1.502401916},
{"learn":[0.1015880942],"iteration":312,"passed_time":5.34687947,"remaining_time":1.486193335},
{"learn":[0.1014793336],"iteration":313,"passed_time":5.364587622,"remaining_time":1.46928196},
{"learn":[0.1010553822],"iteration":314,"passed_time":5.373798546,"remaining_time":1.450072623},
{"learn":[0.100850478],"iteration":315,"passed_time":5.39230914,"remaining_time":1.433398632},
{"learn":[0.1007128709],"iteration":316,"passed_time":5.410362107,"remaining_time":1.416593233},
{"learn":[0.10052447],"iteration":317,"passed_time":5.431240792,"remaining_time":1.400508632},
{"learn":[0.09964619219],"iteration":318,"passed_time":5.452444244,"remaining_time":1.384476438},
{"learn":[0.09962385517],"iteration":319,"passed_time":5.475204636,"remaining_time":1.368801159},
{"learn":[0.09953083626],"iteration":320,"passed_time":5.494418096,"remaining_time":1.352208815},
{"learn":[0.09933104922],"iteration":321,"passed_time":5.516948236,"remaining_time":1.33640361},
{"learn":[0.09903604485],"iteration":322,"passed_time":5.535590932,"remaining_time":1.319630036},
{"learn":[0.09894239363],"iteration":323,"passed_time":5.53867766,"remaining_time":1.299195994},
{"learn":[0.09891179433],"iteration":324,"passed_time":5.561983812,"remaining_time":1.283534726},
{"learn":[0.09881567184],"iteration":325,"passed_time":5.581158523,"remaining_time":1.266888744},
{"learn":[0.09875917543],"iteration":326,"passed_time":5.599205825,"remaining_time":1.249975612},
{"learn":[0.09822994867],"iteration":327,"passed_time":5.618607917,"remaining_time":1.233352957},
{"learn":[0.09780882141],"iteration":328,"passed_time":5.637732155,"remaining_time":1.216653444},
{"learn":[0.09758683353],"iteration":329,"passed_time":5.659315592,"remaining_time":1.200460883},
{"learn":[0.09740198719],"iteration":330,"passed_time":5.669354399,"remaining_time":1.181829165},
{"learn":[0.09717175255],"iteration":331,"passed_time":5.688083318,"remaining_time":1.165029113},
{"learn":[0.09639428346],"iteration":332,"passed_time":5.706450103,"remaining_time":1.148144615},
{"learn":[0.0962038334],"iteration":333,"passed_time":5.72382213,"remaining_time":1.131054672},
{"learn":[0.09602589696],"iteration":334,"passed_time":5.74042438,"remaining_time":1.113813686},
{"learn":[0.09600265322],"iteration":335,"passed_time":5.758238782,"remaining_time":1.096807387},
{"learn":[0.09589162435],"iteration":336,"passed_time":5.780020604,"remaining_time":1.080537976},
{"learn":[0.09570489661],"iteration":337,"passed_time":5.794245398,"remaining_time":1.062849747},
{"learn":[0.09558589612],"iteration":338,"passed_time":5.81702746,"remaining_time":1.046721755},
{"learn":[0.09556095073],"iteration":339,"passed_time":5.841840013,"remaining_time":1.030912943},
{"learn":[0.09538756591],"iteration":340,"passed_time":5.865280254,"remaining_time":1.014813886},
{"learn":[0.09534554811],"iteration":341,"passed_time":5.887876143,"remaining_time":0.9985287027},
{"learn":[0.09514092425],"iteration":342,"passed_time":5.911164714,"remaining_time":0.982321833},
{"learn":[0.0951360715],"iteration":343,"passed_time":5.932735154,"remaining_time":0.9657940949},
{"learn":[0.09503571363],"iteration":344,"passed_time":5.950228845,"remaining_time":0.9485872071},
{"learn":[0.09492959606],"iteration":345,"passed_time":5.961462301,"remaining_time":0.9304016308},
{"learn":[0.09492760469],"iteration":346,"passed_time":5.972338636,"remaining_time":0.9122015784},
{"learn":[0.09480140523],"iteration":347,"passed_time":5.990234269,"remaining_time":0.895092477},
{"learn":[0.09460056663],"iteration":348,"passed_time":5.992215831,"remaining_time":0.8756533163},
{"learn":[0.09453582836],"iteration":349,"passed_time":6.01064684,"remaining_time":0.8586638342},
{"learn":[0.09393224244],"iteration":350,"passed_time":6.027238857,"remaining_time":0.8414094131},
{"learn":[0.0938855617],"iteration":351,"passed_time":6.037764988,"remaining_time":0.8233315892},
{"learn":[0.0937887037],"iteration":352,"passed_time":6.055430503,"remaining_time":0.8062471209},
{"learn":[0.09368135681],"iteration":353,"passed_time":6.075547855,"remaining_time":0.7894779699},
{"learn":[0.09353519046],"iteration":354,"passed_time":6.091964256,"remaining_time":0.7722208212},
{"learn":[0.09348159041],"iteration":355,"passed_time":6.110201194,"remaining_time":0.755193406},
{"learn":[0.09345892332],"iteration":356,"passed_time":6.128077474,"remaining_time":0.7381157741},
{"learn":[0.09340401925],"iteration":357,"passed_time":6.144696671,"remaining_time":0.7208862017},
{"learn":[0.09335863626],"iteration":358,"passed_time":6.16282068,"remaining_time":0.7038318883},
{"learn":[0.0931385087],"iteration":359,"passed_time":6.171688489,"remaining_time":0.6857431654},
{"learn":[0.09299107654],"iteration":360,"passed_time":6.188417675,"remaining_time":0.6685548181},
{"learn":[0.09282697845],"iteration":361,"passed_time":6.204954543,"remaining_time":0.6513488195},
{"learn":[0.09269317912],"iteration":362,"passed_time":6.221280996,"remaining_time":0.6341250602},
{"learn":[0.09259668047],"iteration":363,"passed_time":6.237787931,"remaining_time":0.6169240811},
{"learn":[0.09245439442],"iteration":364,"passed_time":6.256561619,"remaining_time":0.5999442648},
{"learn":[0.09197572483],"iteration":365,"passed_time":6.280082564,"remaining_time":0.583395648},
{"learn":[0.09185269637],"iteration":366,"passed_time":6.299774585,"remaining_time":0.5664647447},
{"learn":[0.09180464772],"iteration":367,"passed_time":6.320582587,"remaining_time":0.5496158771},
{"learn":[0.0917828134],"iteration":368,"passed_time":6.338267964,"remaining_time":0.5324832165},
{"learn":[0.09175701582],"iteration":369,"passed_time":6.354412862,"remaining_time":0.5152226645},
{"learn":[0.09165294909],"iteration":370,"passed_time":6.372999982,"remaining_time":0.4981590282},
{"learn":[0.09148052519],"iteration":371,"passed_time":6.389713679,"remaining_time":0.4809461909},
{"learn":[0.09132468233],"iteration":372,"passed_time":6.406073151,"remaining_time":0.4637103889},
{"learn":[0.09121477051],"iteration":373,"passed_time":6.423630945,"remaining_time":0.446562579},
{"learn":[0.09112807923],"iteration":374,"passed_time":6.442064474,"remaining_time":0.429470965},
{"learn":[0.09082124537],"iteration":375,"passed_time":6.463705566,"remaining_time":0.412576951},
{"learn":[0.09080894734],"iteration":376,"passed_time":6.481833329,"remaining_time":0.3954434126},
{"learn":[0.09060145832],"iteration":377,"passed_time":6.50303796,"remaining_time":0.3784836908},
{"learn":[0.09060032815],"iteration":378,"passed_time":6.505895311,"remaining_time":0.3604849645},
{"learn":[0.09054277254],"iteration":379,"passed_time":6.517346229,"remaining_time":0.3430182226},
{"learn":[0.09033646799],"iteration":380,"passed_time":6.534224774,"remaining_time":0.3258537289},
{"learn":[0.09022424896],"iteration":381,"passed_time":6.551339041,"remaining_time":0.3087018396},
{"learn":[0.09018786518],"iteration":382,"passed_time":6.569959806,"remaining_time":0.2916170149},
{"learn":[0.09001716877],"iteration":383,"passed_time":6.588172405,"remaining_time":0.2745071835},
{"learn":[0.08978787303],"iteration":384,"passed_time":6.604640833,"remaining_time":0.2573236688},
{"learn":[0.08926530657],"iteration":385,"passed_time":6.621281589,"remaining_time":0.2401501095},
{"learn":[0.08906871029],"iteration":386,"passed_time":6.639577751,"remaining_time":0.2230349115},
{"learn":[0.08873295236],"iteration":387,"passed_time":6.657456667,"remaining_time":0.2059007217},
{"learn":[0.08862427784],"iteration":388,"passed_time":6.675337492,"remaining_time":0.1887627568},
{"learn":[0.08818930025],"iteration":389,"passed_time":6.695181,"remaining_time":0.1716713077},
{"learn":[0.08811940578],"iteration":390,"passed_time":6.712364767,"remaining_time":0.1545045598},
{"learn":[0.08797339184],"iteration":391,"passed_time":6.73015597,"remaining_time":0.1373501218},
{"learn":[0.0879527458],"iteration":392,"passed_time":6.754167795,"remaining_time":0.1203032432},
{"learn":[0.08791738413],"iteration":393,"passed_time":6.757100936,"remaining_time":0.1029000143},
{"learn":[0.08787310806],"iteration":394,"passed_time":6.769494344,"remaining_time":0.08568980182},
{"learn":[0.08778643526],"iteration":395,"passed_time":6.782112045,"remaining_time":0.06850618227},
{"learn":[0.08774984287],"iteration":396,"passed_time":6.801954962,"remaining_time":0.05140016344},
{"learn":[0.08767715441],"iteration":397,"passed_time":6.822692556,"remaining_time":0.03428488722},
{"learn":[0.08763773093],"iteration":398,"passed_time":6.841602323,"remaining_time":0.01714687299},
{"learn":[0.08753480625],"iteration":399,"passed_time":6.851432327,"remaining_time":0}
]}